{
    "vertices":[-168.894,0.021211,124.193,-168.894,0.021201,-124.193,125.534,0.021211,124.193,125.534,0.021201,-124.193,-223.321,0.021214,177.579,179.962,0.021214,177.579,-223.321,0.021198,-177.579,179.962,0.021198,-177.579,-168.894,0.021214,177.579,125.534,0.021214,177.579,125.534,0.021198,-177.579,-168.894,0.021198,-177.579,-223.321,0.021201,-124.193,-223.321,0.021211,124.193,179.962,0.021211,124.193,179.962,0.021201,-124.193,-168.894,0.021211,124.193,-168.894,0.021201,-124.193,125.534,0.021211,124.193,125.534,0.021201,-124.193],
    "metadata":{
        "vertices":20,
        "faces":9,
        "normals":4,
        "version":3,
        "generator":"io_three",
        "type":"Geometry",
        "uvs":1,
        "materials":2
    },
    "faces":[43,0,2,3,1,0,0,1,2,3,0,0,0,0,43,19,15,7,10,1,4,5,6,7,1,1,1,1,43,12,17,11,6,1,8,9,10,11,2,2,2,2,43,17,19,10,11,1,12,13,14,15,1,1,1,1,43,8,9,18,16,1,16,17,18,19,1,1,1,1,43,4,8,16,13,1,20,21,22,23,2,2,2,2,43,13,16,17,12,1,23,22,9,8,0,0,0,0,43,9,5,14,18,1,24,25,26,27,1,1,1,1,43,18,14,15,19,1,27,26,5,4,3,3,3,3],
    "normals":[0,1,-0,0,1,-0,0,1,-0,0,1,-0],
    "uvs":[[0.000428,9.8e-05,0.999902,0.000443,0.999572,0.957875,9.8e-05,0.95753,0.849658,0.134989,0.849657,3.7e-05,0.999963,3.7e-05,0.999963,0.134989,0.849632,0.270105,0.849632,0.135163,0.999927,0.135163,0.999927,0.270105,9.1e-05,9.1e-05,0.999909,9.1e-05,0.999909,0.205945,9.1e-05,0.205945,9.1e-05,0.206126,0.999909,0.206126,0.999909,0.41198,9.1e-05,0.41198,7.3e-05,0.270105,7.3e-05,0.135163,0.150368,0.135163,0.150368,0.270105,3.7e-05,0.134989,3.7e-05,3.7e-05,0.150342,3.7e-05,0.150342,0.134989]],
    "materials":[{
        "mapDiffuse":"Grass0157_1_S.jpg",
        "mapDiffuseRepeat":[100,100],
        "shading":"phong",
        "opacity":1,
        "visible":true,
        "colorDiffuse":[0.85,0.85,0.85],
        "doubleSided":false,
        "blending":1,
        "colorEmissive":[0,0,0],
        "wireframe":false,
        "depthTest":true,
        "colorSpecular":[0.5,0.5,0.5],
        "transparent":false,
        "DbgName":"Material.008",
        "specularCoef":50,
        "depthWrite":true,
        "DbgColor":15658734,
        "DbgIndex":0
    },{
        "mapDiffuse":"Grass0157_1_S.jpg",
        "mapDiffuseRepeat":[50,50],
        "shading":"phong",
        "opacity":0.92,
        "visible":true,
        "colorDiffuse":[0.85,0.85,0.85],
        "doubleSided":false,
        "blending":1,
        "colorEmissive":[0,0,0],
        "wireframe":false,
        "depthTest":true,
        "colorSpecular":[0.5,0.5,0.5],
        "transparent":false,
        "DbgName":"Material.001",
        "specularCoef":50,
        "depthWrite":true,
        "DbgColor":15597568,
        "DbgIndex":1
    }]
}